unique_id,first_name,surname,dob,city,email,cluster
0,Robert,Alan,1971-06-24,,robert255@smith.net,0
1,Robert,Allen,1971-05-24,,roberta25@smith.net,0
2,Rob,Allen,1971-06-24,London,roberta25@smith.net,0
3,Robert,Alen,1971-06-24,Lonon,,0
4,Grace,,1997-04-26,Hull,grace.kelly52@jones.com,1
5,Grace,Kelly,1991-04-26,,grace.kelly52@jones.com,1
6,Logan,pMurphy,1973-08-01,,,2
7,,,2015-03-03,Portsmouth,evied56@harris-bailey.net,3
8,,Dean,2015-03-03,,,3
9,Evie,Dean,2015-03-03,Pootsmruth,evihd56@earris-bailey.net,3
10,,Dean,2015-03-03,Portsmouth,evied56@harris-bailey.net,3
11,Isla,Hall,1985-02-07,,islahall97@gutierrez-bennett.com,4
12,Hall,Isla,1985-02-07,London,islahall97@gutierrez-bennett.com,4
13,Isla,Hall,1985-02-07,,islahall97@gutierrez-bennett.com,4
14,Oliver,Griffiths,1991-10-26,Lunton,o.griffiths90@reyes-coleman.com,5
15,,Smith,1981-10-11,Bradford,muhammadsmith@brooks.com,6
16,Lucas,,1991-04-05,,l.c91@perez-gonzalez.com,7
17,Luas,Coox,1991-05-06,London,,7
18,Caleb,Rwoe,1992-11-20,Liverpool,,8
19,Rowe,Caleb,1992-12-20,Lvpreool,calebr@thompson.org,8
20,Caleb,Rowe,2003-01-17,,calebr@thompson.org,8
21,Darcy,Bernass,1986-02-04,Southampton,darcy.b@silva.com,9
22,,Green,1974-10-05,Londdon,,10
23,,Green,1984-10-03,,,10
24,Thoas,Green,1974-10-05,London,thomas.green@clark.org,10
25,Gabriel,Thomas,1977-09-13,London,gabriel.t54@nichols.info,11
26,Thomas,Gabriel,1976-09-15,Loodon,gabriel.t54@nnichls.info,11
27,,Thomas,1977-10-17,London,,11
28,Thomas,Gabriel,1976-09-15,London,gabriel.t54@nichols.info,11
29,Thomas,Gabriel,1976-08-15,,,11
30,Thomas,Gabriel,1976-09-15,London,gabriel.t54@nlchois.info,11
31,Lola,Brown,1983-11-06,,lola.b@martinez-jones.net,12
32,Lola,Brown,1983-11-06,Bradford,lola.b@martinesz-jone.net,12
33,,Brown,1983-11-06,Bradford,lola.b@martinez-jones.net,12
34,Lola,Brown,1983-11-06,Bradfofrd,,12
35,,Bron,1983-11-06,Bradford,,12
36,,Brrown,1983-11-06,Bradford,lola.b@martinez-jones.net,12
37,Theodore,Morris,1978-08-19,Birmingham,t.m39@brooks-sawyer.com,13
38,Theodore,,1979-08-21,Bimingham,t.m39@brooks-sawyer.com,13
39,Theodore,Morris,1978-08-19,Birmingham,t.m39@brooks-sawyer.com,13
40,Theodore,Mosrir,1978-09-19,Birminghaim,t.m39@brooks-sawyer.com,13
41,eTheodroe,,1978-08-19,,t.m39@brooks-sawer.com,13
42,Theodore,Morris,1978-09-18,Birgmhniam,,13
43,Theodore,Morris,1978-08-19,Birmingham,t.m39@brooks-sawyer.com,13
44,Sebastian,,2015-04-04,,s.mitchell39@green.org,14
45,Sebastian,Mitchell,2015-05-04,,s.mitchell39@green.org,14
46,,Mitchell,2015-04-04,Leeds,s.mitchell39@green.org,14
47,Erin,Rogers,2010-01-02,London,e.rogers3@hopkins.org,15
48,Erin,Rogers,2010-01-30,,e.rogers3@hopkins.org,15
49,Erin,,2010-03-01,London,e.rogers3@honkips.org,15
50,Erin,Roers,2010-03-03,,,15
51,Jayden,Bennett,2017-01-11,Swansea,,16
52,Jyayden,Bnennet,2017-01-11,Snawseaa,jb88@king.com,16
53,Jayden,Bennett,2017-01-11,Swwanea,jb88@king.com,16
54,Jayden,Bennett,2017-01-11,Swansea,jb88@king.com,16
55,,Bennett,2017-01-11,Swansea,,16
56,Jayden,Bennett,2017-02-10,Swansea,jb88@king.com,16
57,Jayaned,Bennett,2017-01-11,swansea,8jb88@king.com,16
58,,Kikr,2010-08-06,CCardiff,p.kirk@hill.com,17
59,,,1978-05-01,Southend-on-Sea,,18
60,lola,King,1977-04-01,Southend-on-Sea,,18
61,,King,1977-04-01,Southend-on-Sea,lola.k63@bradle-barnes.info,18
62,Lola,King,1978-04-01,Southena-on-Sed,,18
63,Adam,Jsneo,1982-10-12,Bristol,ajones6@cortez-wilcox.com,19
64,Adaam,Jones,1982-10-11,Bristol,ajones6@cortez-wilcox.com,19
65,Adam,Jones,1992-09-11,oBristl,ajones6@cortez-wilcox.com,19
66,Adam,,1982-10-12,Bristol,ajones-@cortez6wilcox.com,19
67,Adam,Jonse,1982-10-12,,ajones6@cortez-wilcox.com,19
68,Reggie,,1996-08-05,Coventry,r.m51@leonard.net,20
69,Reggie,Mason,1986-09-09,Coventry,r..m51@leonard.net,20
70,Reggie,,1986-09-09,Coventry,r.m51@leonard.net,20
71,Reggie,Mason,1986-09-09,,r.m51@leonard.net,20
72,Willow,Jones,1990-07-12,Wolverhampton,,21
73,Jones,Willow,1990-07-12,Wolverhampton,wilowjones14@whitney-wimlkersonc.om,21
74,Ronni,Begum,2003-10-15,London,r.b80@ellis-berry.com,22
75,,Mason,1996-12-10,Leicester,emason@ware.com,23
76,,Mason,1996-12-10,Leicester,emason@ware.com,23
77,Elizabeth,Mason,1996-11-10,Leicester,emason@ware.com,23
78,Elizabeth,Mason,1997-12-10,Leicester,em@aosn@ware.com,23
79,Ryan,Cole,1987-05-25,Brritsol,r.cole1@ramirez-anthony.com,24
80,Rnyan,,1987-06-26,Bristol,r.cole1@ramirez-anthony.com,24
81,Ryan,Cole,1987-05-27,,r.cole1@ramirez-anthony.com,24
82,Ryan,Cole,1987-05-27,,r.cole1@ramirez-anthony.com,24
83,Ran,Cole,1988-06-27,,r.cole1@ramirez-anthony.com,24
84,Ryan,Cole,1988-05-27,Bristol,r.cole1@ramtrez-anihony.com,24
85,Charlotte,Johnson,2022-02-02,Telford,charlottej68@lee-taylor.org,25
86,Charlotte,Johnson,2012-01-06,fTelford,charlottej68@lee-taylor@.org,25
87,Lex,Gorodon,1994-10-01,Birmingham,l.gordon34@french.com,26
88,Lexi,,1994-09-02,Birmingham,l.gordon34cfren@h.com,26
89,Lexi,,1994-09-02,Birmingham,l.gordon34@french.com,26
90,Osacar,Moore,2016-01-12,Liverpool,omoore64@randall.com,27
91,Moore,Oscar,2016-01-12,Liverpool,omoore64@randall.com,27
92,Oscar,,2026-01-08,Liverpool,omoore64@randall.com,27
93,Moore,Oscar,2016-01-12,Liverpool,omoore64@randall.com,27
94,Oscra,Moore,2016-01-12,Liverpool,omoore64@randall.com,27
95,Ocar,Moore,2016-01-12,Liverpool,omoore64@randall.com,27
96,Elanor,Eavns,2008-08-27,Bristol,e.e@day.com,28
97,nleaEor,Evans,2008-08-27,,,28
98,,Evans,2008-08-27,Bristol,ee@day.com,28
99,,,2018-08-26,Bristol,e.e@ay.cod,28
100,Eleanor,,2009-08-25,,e.e@day.com,28
101,Alfie,Griffiths,2008-05-07,Plymouth,a.griffiths@garner-bridges.com,29
102,Alfie,,2008-05-07,Plymouth,a.griffiths@garner-bridges.com,29
103,Alfie,Griffihs,2009-04-07,Plyoutm,,29
104,Griffiths,Alfie,2008-05-07,Plymouth,a.griffiths@garner-bridges.com,29
105,Alfie,Griffiths,2008-05-07,Plymouth,a.griffiths@garner-bridges.com,29
106,Miaisie,Walsh,2005-08-20,Bimminghar,maiie.walsoh@hodge.com,30
107,Maisie,Walsh,2005-08-20,Birmingham,maisie.walsh@hodge.com,30
108,,,2005-08-20,,maisie.walsh@hodge.com,30
109,Oievr,,2009-12-21,Londn,oliver.atkinson@moran-smith.com,31
110,Oliver,Atkinnos,2009-12-21,London,oliver.atkinson@moran-smith.com,31
111,Oliver,Atkinson,2009-12-21,London,,31
112,Oliver,Atkinson,2010-01-20,London,oliver.atkinson@moran-smith.com,31
113,Oliver,Atkinson,2011-01-21,London,,31
114,Oliver,Atkinson,2009-12-21,London,oliver.atkinson@moran-smith.com,31
115,Oliver,,2009-12-22,Loondon,oliver.atkinson@moran-smith.com,31
116,Ryyan,Bond,1997-11-25,London,rbond58@chavez.com,32
117,James,Davies,1976-01-04,London,jamesd75collins.biz,33
118,,Macdonald,1985-10-15,London,dmacdoald@riverb-glass.siz,34
119,Dylan,Macdonald,1985-10-15,Lodon,dmacdonald@rivers-glass.biz,34
120,Macdonald,Dylan,1986-09-15,Lonodnn,dracdonald@rivers-glass.biz,34
121,Dylan,,1985-10-15,London,dmacdonald@rivers-glass.bi,34
122,Dylan,,1985-10-15,London,dmacdonald@rivers-glass.biz,34
123,Harley,Kra,1973-10-27,Mancheeser,harleyk@houston.net,35
124,Kaur,Harley,1983-11-24,Manchester,haoleyk@hrustonnet,35
125,Harley,Kaur,1973-11-26,Mancseter,harleyk@houston.net,35
126,,,1973-11-26,Manchester,harleyk@houston.net,35
127,Hayler,,1983-12-22,Manchester,harleyk@houston.net,35
128,Barker,Matilda,1990-03-08,Readdng,,36
129,Matilda,Barker,1990-03-08,Reading,m.b@bell-brown.com,36
130,Matilda,Barker,1990-03-08,,m.b@bell-brown.com,36
131,Matilda,,1990-03-07,Reading,m.b@bell-brown.com,36
132,Matilda,Brker,1990-03-08,Rading,m.b@bell-brown.com,36
133,,Barker,1990-03-08,Reading,m.b-bell@brown.com,36
134,Matilda,,1990-03-08,Reaing,m.b@ell-brown.com,36
135,Edard,Kaur,1999-02-14,,,37
136,,Kaur,1999-02-14,Bimingmah,,37
137,James,Campbell,2011-10-10,London,jc@herring.info,38
138,,Campbell,2011-10-10,London,jc@herring.info,38
139,James,Campbell,2011-10-10,London,joc@hrning.irfo,38
140,James,Campbell,2012-11-06,London,jc@herring.info,38
141,James,Campbell,2011-10-10,London,jc@herring.info,38
142,Harry,,1987-10-28,Cardiff,hmay32@richardson-rhodes.com,39
143,Harry,May,1988-11-25,Cardiff,hmay3@richarsson-rhooded.com,39
144,Harry,May,1987-10-28,Cardiff,hmay32@richardson-rhodes.com,39
145,Hrarry,May,1987-10-28,,,39
146,Harr,May,1987-10-28,Cardiff,hmay32@richardson-rhodes.com,39
147,Harry,May,1987-10-28,Cardiff,hmay32@richardson--rhodes.com,39
148,,Kelyl,2010-10-09,Birmingham,alfiekelly@walters.com,40
149,Alfie,eKelly,2010-10-09,Birmimghan,,40
150,Alfie,Kelly,2020-09-05,Birminmhag,alfiekelly@walters.com,40
151,Kelly,Alfie,2010-10-09,Birmingham,,40
152,Evelyn,,2012-09-07,Norwhi,,41
153,Jacob,Smith,2019-11-21,Bolton,js37@rodriguez-vega.com,42
154,Molly,BBird,2000-03-27,York,,43
155,Auutsin,Wright,1993-03-27,Manchester,a.wright42@estrada.org,44
156,,Wright,1994-03-28,Manchester,,44
157,Austin,Wright,1993-03-27,,a.wright42@estrada.org,44
158,Austin,Wright,1993-03-27,,a.wright42@estrada.org,44
159,Holly,,1985-05-21,London,,45
160,,Thomson,1985-05-21,London,hollythomson3@levine-jones.com,45
161,Holly,,1985-05-21,London,hollythomson3@levine-jones.com,45
162,Thomson,Holly,1985-05-21,London,hollythomson3@levine-jones.com,45
163,Holly,Tmhsmoo,1985-05-21,,hollythomson3@levine-jones.com,45
164,,,1985-06-19,London,hollythomson3@levine-jones.com,45
165,Elizabeth,Wright,1994-02-01,,,46
166,Elizabeth,Wright,1994-02-03,Swansea,elizabeth.w@sullivan-anderson.info,46
167,Elzizabeth,Writhg,1994-01-02,,elizabeth.w@sullivan-anderson.info,46
168,Elizabeth,Wright,1994-02-01,Swasea,elizabeth.w@sullivan-anderson.info,46
169,Elizaeth,Wright,1994-02-01,awansS,elizabeth.w@sullivan-anderson.info,46
170,Elizabeth,Wright,1994-02-01,Swansea,,46
171,,Russell,2011-06-08,London,leahrussell@charles.net,47
172,Leah,Russell,2012-07-06,London,leahrussell@charles.net,47
173,,Russell,2011-06-08,London,leahrussell@charles.net,47
174,Leah,Russell,2012-07-09,London,leahrussell@charles.net,47
175,Lheah,Russell,2011-07-10,Londoon,leahrussell@charles.net,47
176,Elelie,Ellis,2005-12-08,London,elliee@guzman.com,48
177,Ellie,Ellis,2015-11-06,London,,48
178,Ellie,Eislls,2005-12-08,,elliee@oguzmanoc.m,48
179,,lEllis,2005-12-08,,elliee@guzman.com,48
180,,Ellis,2005-12-08,London,elliee@guzman.com,48
181,Freddie,Holmes,1992-10-02,Kingston-upon-Hull,fholmes@duncan.com,49
182,Freddie,Holmes,1993-10-02,Kingston-upon-Hull,fholmes@duncan.com,49
183,Freddie,Hsmel,1992-10-01,Kingston-upon-Hull,f@holmes@duncan.com,49
184,Freddie,Holmes,1993-10-04,,fholmes@duncan.com,49
185,,Holmes,1992-10-02,Kingston-upon-Hull,fhoelmes@duacnn.com,49
186,Freddie,Holmes,1993-11-03,Kingston-upon-Hull,fholmes@duncan.com,49
187,Maryam,Lee,1981-03-30,Manchester,ml@oconnell.com,50
188,,,2006-01-25,London,poppy.w33@clark.info,51
189,,Walker,2016-01-23,,poppy.w33@clark.info,51
190,Isla,,2014-03-31,London,iprice@carr.com,52
191,Isla,Price,2024-02-28,,iirpce@carr.cm,52
192,Isla,Pricie,2015-03-03,Loddon,iprice@carr.com,52
193,Isal,Price,2014-03-31,London,iprice@carr.com,52
194,Isla,Pcire,2015-04-30,,iprice@carr.com,52
195,,Pricce,2014-03-31,nLodon,iprice@car.com,52
196,Arthur,Both,2007-09-13,Leeds,arthurbooth25@romero-onovan.com,53
197,,Both,2007-09-13,Leeds,arthurbooth25@romero-donova.com,53
198,Arthur,Booth,2007-09-13,,arthurbooth25@romero-donovan.com,53
199,,,2017-10-11,Leeds,arthurbooth25@romero-donovan.com,53
200,George,Taylor,1984-10-27,Huddersfield,g.t51@rodriguez.com,54
201,,Taaylor,1984-10-27,Huddersfield,g.t51@rodriguez.com,54
202,,Taylor,1984-10-27,Huddersfield,g.t51@rodriguez.com,54
203,,,1984-10-27,,,54
204,Isla,Payne,1997-02-28,Mansfield,islaabpayne@.utler.org,55
205,Isla,Payne,1997-02-28,Mansfield,,55
206,Isla,Payne,1997-02-28,,isla.payne@butler.org,55
207,Eloilt,Page,1979-05-25,,e.page13@dyer-williams.com,56
208,tElliot,PaPge,1979-04-23,Lonon,,56
209,Elltiot,Page,1979-04-23,London,,56
210,Elliot,Page,1979-04-23,London,e.page13@dyer-williams.com,56
211,Elliot,,1979-04-23,nLondon,e.page1i3@dyer-wiliams.com,56
212,iElliot,,1979-04-23,London,e.page13@dyer-williams.com,56
213,Lca,,2010-06-22,BlBton,lucas@marrington.coh,57
214,Luca,,2020-05-18,Bolton,lucas@harrington.com,57
215,Luca,Sstephens,2010-06-22,Bolon,,57
216,Luca,Stephens,2010-06-22,Boltno,lucas.harrington@com,57
217,,Stehesn,2010-06-22,Boolton,,57
218,Luuca,,2010-06-22,Bolto,lucas@harrington.com,57
219,aucaL,,2010-06-22,Bolton,lucas@harrington.com,57
220,Logan,serguFon,2023-11-14,London,l.feruson46@sahh.com,58
221,Ferguson,Logan,2013-10-15,,l.ferguson46@shah.com,58
222,Logan,,2013-10-15,LondoLn,l.ferguson46@shah.com,58
223,Logan,Ferguson,2013-10-15,London,,58
224,Logn,Feeruson,2013-10-15,London,l.fergson46@shah.com,58
225,Ferguson,Logan,2013-10-15,,l.ferguson46@soao.chm,58
226,Julia,Smith,2014-05-24,Luton,julia.smith@english.org,59
227,Julia,Smith,2004-04-27,Luton,,59
228,Julia,Smith,2004-04-26,Luton,julia.smith@english.org,59
229,George,Davies,1977-12-07,Londdon,g.davies36@ford-graves.com,60
230,George,Davies,1978-12-09,London,g.davies36@ford-graves.com,60
231,Gegrgoe,Daevies,1977-12-07,Londn,,60
232,Gerge,Daviaes,1977-12-07,Londno,,60
233,George,DaviDs,1978-11-07,,g.davies36@ford-graves.com,60
234,Lucy,Arnold,1976-05-03,Stoke-on-Trent,l.a1@shelton-vaughan.com,61
235,Lucy,Arnold,1976-05-01,,l.a1@shelton-vaughan.com,61
236,Freya,Shah,1970-12-17,Londodn,,62
237,Fera,hhS,1970-12-17,London,f.s@flynn.com,62
238,Shah,Freya,1970-12-17,London,f.s@flynn.com,62
239,Freya,Shah,1972-01-17,London,f.s@flynn.com,62
240,Freya,,1970-12-16,noLdon,,62
241,Freya,,1970-12-17,London,f.s@flynn.com,62
242,Freya,Shah,1970-12-17,Lonnod,,62
243,Maisie,Breyr,2016-05-08,,mberry41@richards-han.onscm,63
244,Joshua,Williams,2002-08-08,Portsmouth,j.williams@levine-johnson.com,64
245,Joshua,,2002-08-08,Portsmouth,j.williams@levine-johnson.com,64
246,Joshua,,2002-09-09,Portsmouth,j.williams@levine-johnson.com,64
247,,Williams,2002-08-08,Portsmouth,j.williams@levine-johnson.com,64
248,Joshua,Williams,2012-08-05,Portsmouth,,64
249,Joshua,,2003-09-07,,j.williams@levine-johnson.com,64
250,,Wiliams,2002-07-11,Portsmouth,j.williams@levine-johnson.com,64
251,Russell,Sofia,2014-09-03,,sofiarussell9@rivera.com,65
252,,Ruusesll,2014-09-03,London,,65
253,SoSfia,Russell,2024-08-29,London,,65
254,Sofia,Russell,2015-09-03,,sofiarussell9@revira.com,65
255,foSia,Russell,2015-08-05,London,sofiarussell9@rivera.com,65
256,Sofia,Russell,2014-09-03,London,,65
257,Sofia,Russell,2014-09-03,London,sofiarussell9@rivera.com,65
258,Oliver,,1973-03-09,,,66
259,Oliver,Hguehes,1983-03-07,,ohughes@page-kim.info,66
260,Oliver,Hughes,1983-03-07,Northampton,,66
261,Oliver,Hughes,1983-02-07,,ohughes@page-kim.info,66
262,Oliver,,1983-04-08,,ohughes@page-kim.info,66
263,Olver,Hugues,1973-03-09,Northampton,ohughes@page-kim.info,66
264,Olvevr,Hughes,1973-03-09,Northampton,ohughes@page-kim.info,66
265,Simmons,Henry,2019-01-31,Leeds,hsimmons@roberts.com,67
266,Henry,Simmons,2019-01-31,Leeds,hsimmons@robebrts.com,67
267,Hnry,,2019-01-31,,,67
268,Lydia,Brooks,2016-02-13,,lbrooks9@miller.org,68
269,Lyia,Brookks,2016-02-13,Liverpool,,68
270,Brooks,Lydia,2016-02-13,Lpveriool,lbrooks9@miller.org,68
271,Lydia,Brooks,2026-02-10,Liverpool,lbrooks9@omiller.org,68
272,Arthur,,2001-03-09,,arthurbarrett3@young-estrada.org,69
273,Aav,Palmer,2017-10-18,Northampton,ava.p37@smith.biz,70
274,Lola,aTlylor,2016-11-20,Aberdeen,lolat86@bishop-gilees.com,71
275,,Taylor,2016-11-20,Abereden,glolat86@bishop-giles.com,71
276,,Tyalor,2017-11-20,Aberdeen,,71
277,Lola,Taylor,2017-11-21,Aberdeen,lolat86@bishop-giles.om,71
278,Taylor,Lola,2016-10-23,Aberdeen,lolat86@bishop-gilels.com,71
279,Lola,Taylor,2017-11-20,Aberdeen,lolat86@bishop-giles.com,71
280,Lola,Taylor,2016-11-20,Aberdeen,lolat86@bishop-giles.com,71
281,Forcnee,,2004-11-02,Plymouth,,72
282,Wilson,Florence,2004-12-02,,florencewilson@byrd.com,72
283,Aisha,Parker,2004-01-14,Londn,,73
284,Lyli,,1984-07-07,London,,74
285,Fdedrie,Bailey,1985-01-05,Huddersfield,,75
286,Bailey,Freddie,1985-01-05,Huddersfield,,75
287,Bailey,Freddie,1986-02-04,Huddersfield,fbailey@schneider.biz,75
288,Freddie,Baiyel,1986-01-05,,fbailey@schneider.biz,75
289,,Lee,2009-11-10,Belfast,,76
290,Lee,Jackson,2010-11-10,Belfast,j.leeo6@robeson.c8m,76
291,JkJcason,,2009-11-10,Belfast,,76
292,Jackson,Lee,2009-11-10,Belfast,j.lee86@roberson.com,76
293,Jackson,Lee,2010-10-13,,j.lee86@ro6berson.com,76
294,Jackson,Le,2010-11-10,,j.lee86@roberson.com,76
295,Jakcsson,Lee,2009-11-10,Belfast,j.lee86@roberson.com,76
296,David,Banks,1986-06-12,BirmBaghnm,,77
297,,Banks,1987-06-12,Birimnham,david.banks26@thomas-bell.com,77
298,,Banks,1987-07-11,Birmingham,,77
299,James,,2020-01-05,Belfast,j.s81@simmosmco.,78
300,Harrison,Marshall,1975-09-11,Southampton,harrisonm@patrick.com,79
301,Harrosin,Marshall,1974-09-11,Southampton,harrisonmk@ptrick.com,79
302,Charlie,Andrews,2023-11-01,Liverpool,candrews15@thompson.net,80
303,Charlie,Andresw,2013-12-05,Liverpool,candrews15@thompson.net,80
304,Charlie,Andrews,2023-12-01,Liverpool,,80
305,Harley,Rose,2000-07-16,,harley.rose50@sawyer-lin.org,81
306,Hraley,Rose,2001-06-16,,harley.rose50@sawyer-lin.orng,81
307,Harley,Ros,2000-07-16,Swindon,harley.rose50@sawyer-lin.org,81
308,Harley,Ros,2000-07-16,Swindon,harley.rose50@sawyer-lin.org,81
309,Jaxon,,2011-12-04,Newcastle-upon-Tyne,,82
310,,Murray,1975-11-17,Edinburgh,c.murray54@berry-reyonlds.org,83
311,Charlie,,1975-10-18,Edinburgh,,83
312,Lily,Watson,1985-05-10,Londno,lilyw82@krause.org,84
313,,,1986-06-11,Londn,,84
314,Lily,Wason,1995-06-10,Lonon,,84
315,Daisy,Hugghes,2001-05-11,Manchester,dh@powell.net,85
316,,Hughes,1991-05-16,eManchester,dh@powell.net,85
317,Daisy,,1991-04-16,Manshecter,dh@powell.net,85
318,sDasy,Hughes,1991-05-16,Manchester,dh@powell.net,85
319,Daisy,Hghes,1991-05-16,Manchesetr,dh@powell.net,85
320,Amelia,Fletcher,1987-03-28,Bristo,ameliafletcher22@diaz.com,86
321,,Fletcher,1987-04-28,Bristol,ameliafletcher22@diaz.com,86
322,AAmelia,Fletche,1987-05-28,Boisttrl,ameliafletcher22@diaz.com,86
323,Amelia,Fletcher,1987-04-29,Bristol,ameliafletcher22@diaz.com,86
324,Kai,,2018-12-31,London,k.t50eherand@z.ncom,87
325,Kai,Turner,2008-12-03,London,k.t50@hernandez.com,87
326,Kai,Turner,2009-11-03,London,,87
327,Kai,Turner,2008-12-03,Londo,k.t50@hernandez.com,87
328,Kai,Turner,2008-12-03,,k.t50@her.andezncodm,87
329,KKai,Turner,2008-12-03,,k.t50@hernandez.com,87
330,Eleanor,Richards,2014-07-10,,,88
331,Eleanor,,2024-07-07,Manchester,e.richards16@finley.ifo,88
332,,Rchards,2015-07-10,,1.richardse6@finley.info,88
333,Eleanor,Richards,2014-07-10,Mancester,e.richards16@finley.info,88
334,Payne,Scarlett,1974-07-03,,scarlett.payne88@morton.info,89
335,Scarlett,Payne,1984-06-30,Salford,scarlett.payn88@morton.info,89
336,Scatletr,Payne,1974-07-03,Salford,,89
337,Scarlett,Payne,1974-07-03,Salfoard,scarlett.payne88@morton.info,89
338,Scarlett,Payne,1974-06-03,Sralford,,89
339,Rose,Wood,2004-12-21,Readng,rosewood@coleman.org,90
340,Rose,Wood,2004-12-22,Reading,rosewood@coleman.org,90
341,Finyel,Jackson,2004-08-22,Prtsmouth,f.jackson32@moore.com,91
342,William,,2007-12-22,Reading,williamn@curryflores.com,92
343,William,,2006-12-21,ReadRing,,92
344,William,Nicholson,2006-12-21,Reading,,92
345,William,Nicholson,2006-12-21,Reading,williamn@curry-flores.com,92
346,,Nicholon,2006-12-21,Reading,wirliamn@culry-flors.com,92
347,,Niocholson,2006-12-21,Reading,williamn@curry-flores.com,92
348,Nicholson,William,2006-12-21,Reading,williamn@curry-flores.com,92
349,Scarlett,Smith,1994-03-04,Southend-on-Sea,scarlett.s@brown-johnson.org,93
350,Smith,Scarlett,1993-03-03,,scarletts@brown.johnson.org,93
351,Scarlett,Smith,1993-03-01,Southend-on-Sea,scarlett.s@brown-johnson.org,93
352,Scarlett,Smith,1993-03-03,Southend-on-Sea,scarlet.srb@own-johnson.org,93
353,Jayden,Thomas,2010-02-12,Mansfield,j.t@pierce.bi,94
354,JaydJen,Thoms,2009-04-15,Mansfiel,,94
355,Jayden,Thsomas,2009-03-15,Mansfield,j.t@pierce.biz,94
356,Jayden,Thomas,2009-04-15,Mansfield,j.t@pierceeib.z,94
357,,,2009-03-16,Mansfield,j.t@pierce.biz,94
358,Jayden,,2010-03-18,Mansfield,j.t@pierce.biz,94
359,Mohammed,Fox,1999-04-17,Cardiff,,95
360,,FFox,1999-04-17,Cardiff,mohammedfox24@wilson.com,95
361,Mohammed,Fox,2000-04-18,Cardiff,,95
362,Mohammed,,1999-04-17,,mohammedfox24@wilson.com,95
363,Mohmmed,,1999-04-17,Cardiff,mohammedfox24@wilson.com,95
364,Samuel,Campbell,2018-09-24,Newcastle-upon-Tyne,samuelcampbell35@hebert.com,96
365,Samuel,Campbell,2018-09-23,Newcastle-upon--Tyne,samuelcampbell35@hebert.com,96
366,Samuel,,2018-09-24,NewcstaTe-upon-lyne,samuelcampbell35@hebert.com,96
367,,Cbmpael,2018-09-24,Newcastle-upon-Tyne,samuelcampbel35@hebert.com,96
368,,,2019-08-25,Newcastle-upon-Tyne,samuelcampbell35@hebe3r.com,96
369,Samuel,Campbell,2019-08-25,Newcastle-upon-Tyne,samuelcampbell35@hebert.com,96
370,Reuben,,1985-08-19,Leicester,r.james@jackson.com,97
371,Reuben,James,1975-07-24,LeicestLe,,97
372,James,Reuben,1975-07-24,,r.james@jackson.com,97
373,Rubnen,James,1976-08-22,Leicester,r.james@jack.son.com,97
374,Eliza,Taylor,1983-01-12,,elizataylor@marsahmll.com,98
375,Eliza,Taylor,1993-02-08,Glasgow,elizataylor@marshall.com,98
376,Eliza,,1983-01-12,Glasgow,,98
377,Eiza,Taylor,1984-02-10,Glasgow,elizataylor@marshall.com,98
378,Eliza,Taylor,1983-12-15,Glasgow,elizataylor@marshall.com,98
379,Ezia,Taylor,1983-01-12,Glasgow,elizataylor@marshall.com,98
380,Eliza,Taylor,1993-02-08,,elizataylor@marshall.com,98
381,Benjamin,Lopz,2002-01-09,London,benjaminlopez78@ingram.com,99
382,Benjamin,Lopez,2003-01-09,Lodon,benjaminlopez78@ingram.com,99
383,,Dviis,1972-06-12,Stockton-on-Tees,,100
384,Lotti,Davis,1972-06-12,,lottie.d7@morgan-pierce.com,100
385,Lottie,Davis,1972-06-12,,lottie.d7@morgan-pierce.com,100
386,Lottie,Davis,1972-06-12,StSockton-on-Tees,lottie.d7@morgan-pierce.com,100
387,Lottie,Davis,1972-06-12,Stockton-onsTee-,,100
388,,aDvs,1972-06-12,Stockton-on-Tes,lottie.d7@morgan-pierce.com,100
389,Isaa,James,1991-05-06,Lonndon,isaac.iames@smjth.com,101
390,Icsac,James,1991-05-06,London,isaac.james@smith.com,101
391,Isaac,,1991-05-06,Lodon,isaac.james@smich.tom,101
392,Iaac,James,1991-06-06,,isaac.james@smith.com,101
393,Isaac,James,1991-05-06,London,,101
394,Evie,,1992-08-14,Leeds,evieed62@bishop.info,102
395,Evie,Davidson,1982-07-18,Leeds,evied62@bishop.info,102
396,Evie,Davidson,1982-07-19,Leeds,evied62@bishop.info,102
397,Evie,,1982-07-18,Leeds,evied62@bishop.info,102
398,James,Dixon,1991-04-12,London,,103
399,Dixon,James,1991-04-12,,james.d@merritt-scott.com,103
400,James,Dixon,1991-04-12,,james.d@merritot-scott.com,103
401,James,Dixon,1991-04-12,,james.d@merritt-scott.com,103
402,James,Dixon,1991-04-12,Loodnon,james.d@merritt-scott.com,103
403,James,Dixon,1991-04-12,,james.d@merritt-scott.com,103
404,Jsames,,2001-04-09,London,james.d@merritt-scott.com,103
405,,eoookC,1996-10-16,Sundrland,l.cooke@thompson-williams.info,104
406,,Cooke,1996-10-16,,l.cooke@thompson-williams.info,104
407,Lexi,Cooe,1996-10-16,Sundarlend,l.cooke@thompson-williams.info,104
408,Harry,Martin,2003-07-22,Derby,hm24@miller-roman.om,105
409,Emily,Atkinson,2017-05-03,London,emilya@roberts.com,106
410,,Atkinson,2017-06-02,London,emilya@roberts.com,106
411,Emily,Atkinson,2008-05-05,,emilya@roberts.com,106
412,,,2007-05-06,Londo,emilya@eroberts.com,106
413,,Owen,1973-01-16,London,opoppy.owen71@diaz.co,107
414,Poppy,,1973-01-16,,poppy.owen71@diaz.com,107
415,Brown,Florence,2002-02-25,London,fb@reese.com,108
416,,Brown,1992-02-28,,,108
417,Florence,Brown,2002-02-24,London,fb@reose.cem,108
418,Brown,Florence,1993-03-01,Loonon,f@b@reese.com,108
419,Florence,Brown,1992-02-28,London,fb@reese.com,108
420,Scarlett,Cunningam,2016-01-09,London,s.cunningham@pineda.com,109
421,Alfie,,1995-12-10,London,ar20@miller-torres.org,110
422,Alfie,Robestsr,1995-01-10,London,ar20@miller-torres.org,110
423,,,1994-12-12,London,ar20@miller-t2orres.org,110
424,Alfie,Roberts,1995-01-10,Lodon,ar20@miller-torres.org,110
425,Alfie,Roberts,1995-01-10,London,ar20@miller-torres.org,110
426,,Roberts,2005-02-08,London,ar20@miller-tores.org,110
427,,Scotot,1974-08-21,,a.s@humphrey.com,111
428,Archie,Soctt,1984-09-19,Liverpool,a.s@humphrey.com,111
429,Archie,Scott,1974-08-21,Liverpool,a.s@humphrey.com,111
430,Archie,Scott,1974-08-21,Liverpool,a.s@humphrey.com,111
431,Areceih,Scott,1974-08-21,Liverpool,a.s@humphrey.com,111
432,Hugo,,1973-03-23,,h.k@sharp.co,112
433,Hugo,Kaur,1973-03-23,London,h.k@shhrp.com,112
434,Hugo,Kaur,1983-04-20,London,h.k@sharp.com,112
435,Hugo,Kaur,1973-03-23,London,,112
436,,Kaur,1973-03-23,London,h.k@sharp.com,112
437,Hug,Kaur,1973-03-23,London,h.k@sharp.com,112
438,Hogu,Kuar,1973-03-23,London,h.k.sharpp@com,112
439,Jacob,Campbell,1987-06-06,Lonnod,,113
440,Campbell,Jacob,1987-06-06,London,j.c65@ortiz.com,113
441,Jacob,Campbell,1987-06-06,London,j.c65@ortiz.com,113
442,Jacob,Campbell,1987-06-06,London,j.c65@ortiz.com,113
443,Campbell,Jacob,1987-06-06,London,j.c65@ortiz.com,113
444,Jacob,Campbell,1997-05-04,London,,113
445,Jacob,Campbell,1988-06-05,Lonon,j.c65@ortiz.com,113
446,Aisha,Bryant,1993-07-10,Bradford,aishab64@obrien-flores.com,114
447,,Braynt,1993-07-10,Bradford,aishab64@obrien-flocres.com,114
448,Aisha,BryBant,1993-08-08,Bradfrod,aishab64@obrien-flores.com,114
449,,,1993-07-10,,,114
450,Aisha,,1993-07-10,Brddfora,aishab64@obrien-flores.com,114
451,Reuben,,1986-12-21,Swwaesna,,115
452,,Daves,1986-12-21,Swanse,rd@lewis.com,115
453,Davies,Reuben,1988-01-20,Swasea,rd@lewis.com,115
454,Davies,Reuben,1987-11-21,Swansea,idlewrs.cocm,115
455,Reuben,Davies,1996-12-16,,,115
456,Davies,Reuben,1986-12-21,Swansea,rd@lewis.com,115
457,,Hrvey,2005-02-17,Peterborough,ellis.h@morris-davis.net,116
458,,Harvey,2004-02-19,Peterborough,ellis.h@morris-davis.net,116
459,Ellis,Harvey,2004-02-19,Petberborough,ellivs.h@morris-davis.net,116
460,lEls,varHery,2004-01-18,Peterborough,ellis.h@morris-davis.net,116
461,Henry,Williams,2007-02-03,London,henry.w@miller-mitheiln.lnfo,117
462,,Williams,2007-01-05,London,henry.w@miller-mitchell.info,117
463,Heenry,WilliaWms,2007-02-03,London,henry.w@miller-mitchell.info,117
464,,,2007-02-03,,henry.w@miller-mitchell.info,117
465,Amrbr,Dixon,1995-06-21,Aberdeen,,118
466,Dixon,Amber,1995-06-21,Aberdeen,ad29@jones.biz,118
467,Amber,Dixon,1995-06-21,Aberdeen,ad29@jones.biz,118
468,Amber,,1995-06-21,Aberdeen,ad29@jones.biz,118
469,,Dixon,1995-06-21,Anberden,,118
470,Dixon,Amber,1995-06-21,Aberdeen,,118
471,Caleb,Sctot,1990-12-11,Bristol,,119
472,Caleb,,1990-12-11,Bristol,c.scott@brooks.com,119
473,Scott,Caleb,1990-12-11,,c.scott@brooks.com,119
474,Scott,Caleb,1990-12-11,Bristo,c.scott@brooks.com,119
475,Caleb,Scott,2000-12-10,,c.scott@brooks.com,119
476,Popppy,Fox,1982-07-14,London,poppy.fox63@rivera.com,120
477,Poppy,Fox,1992-07-10,London,poppy.fox63@rivera.com,120
478,Fox,Poppy,1982-07-14,London,poppy.fox63@rivera.com,120
479,,Fox,1983-07-12,,poppy.foxo3@rivera.c6m,120
480,Poppy,Fox,1982-07-14,London,poppy.foox63@rcvera.iom,120
481,Frieddie,,1994-04-24,Bristol,,121
482,Freddie,,1995-04-23,Bristol,fg60@cnderson.aom,121
483,Freddie,Gill,1994-04-24,Bristol,fg60@anderson.com,121
484,Freddie,,1994-04-24,Bristol,fg60@anderson.com,121
485,Hannah,Daivs,1992-07-24,Birmingham,hannahd14@cardenas.com,122
486,Hannah,Davies,1993-07-24,Birmingham,,122
487,Hannah,,1992-07-24,Birmingham,hannahd14@cardenas.com,122
488,Ameliee,Oliver,1980-10-12,Nottingham,ao24@green.net,123
489,,iOlrve,1980-11-11,Nottinmhag,ao24@green.net,123
490,Amelie,Olriver,1980-11-11,Nottingham,ao24@green.net,123
491,Amelie,Oliver,1980-11-11,Nottingham,ao24@green.@net,123
492,Amelime,Oliver,1980-11-11,Nottingham,ao24@green.net,123
493,Harrison,Norman,1983-10-18,Milton,hn@martinz-reynolds.com,124
494,Harrison,Nomran,1982-10-18,Miltn,,124
495,Harrison,Norman,1982-10-18,Milton,,124
496,Harrison,Norma,1982-10-18,Milton,hn@martinez-reynolds.com,124
497,Harrison,Norman,1982-10-18,,hn@martin-ez-reynolds.com,124
498,Norman,Harrison,1982-09-18,Milton,hn@martinez-reynolds.com,124
499,Olivia,Kah,1971-08-10,Huddersfield,,125
500,Olivia,Khan,1981-07-08,Huddersfield,okhan85@daugherty-allen.com,125
501,,Khan,1971-08-10,Huddersfield,okhan85@daugherty-allen.com,125
502,Finley,Jones,1972-04-09,London,f.j@sharp.com,126
503,Finley,,1973-04-10,London,f.j@sharp.com,126
504,Finley,Jones,1972-04-09,London,f.j@sharp.com,126
505,,Jones,1972-05-08,London,f.s@jharp.com,126
506,FFinley,Jones,1972-04-09,London,f.j@sharp.com,126
507,Finley,Jones,1972-04-07,London,f.j@sharp.moc,126
508,,Jones,1972-04-09,Loodnn,f.j@shrarp.com,126
509,White,Theo,2001-06-09,Kingston-upon-Hull,,127
510,Teheo,,2001-06-09,Kingston-upon-Hull,t.white@west-waller.net,127
511,Theo,Whhite,2011-05-06,,t.white@west-waller.net,127
512,Theo,Wheti,2001-06-09,Kingston-upon-Hull,,127
513,Theo,White,2001-07-09,Kingston-upon-Hull,t.white@west-waller.net,127
514,Amelia,Morgan,2011-05-26,Swindon,amelia.morgan92@davidson-taylor.com,128
515,Amlia,,2021-05-23,Swindon,amelia.morgan92@davidson-taylor.com,128
516,,Morgan,2011-05-26,Swindon,amelia.morgan92@davidsn-taylor.com,128
517,,Moorgan,2011-05-26,Swindon,amelia.moyrgan92@davidson-taylor.com,128
518,Amelia,Morgan,2011-05-26,Swindno,amelia.morgan92@davidson-taylor.com,128
519,Amlelia,Morgan,2011-05-26,Swindon,amelia.morgan92@davidson-ta.lorycom,128
520,AmelAia,Morgan,2011-05-26,Swinon,amelia.morgan92@davidson-taylor.com,128
521,George,Owen,1980-06-29,London,go94@bradshaw-sanders.com,129
522,,OOwen,1980-06-29,,go94@bradshaw-sanders.com,129
523,George,,1980-06-29,London,,129
524,Owen,George,1980-06-29,,geo94@bradshaw-sanders.com,129
525,George,,1980-06-29,,,129
526,George,Owen,1980-06-30,Lndon,go94@brndshaw-saaders.com,129
527,Oliver,Dawson,1985-12-05,Liverpool,odawson45@malone-cabrera.com,130
528,Oliver,Dawson,1985-11-03,Liverpool,odawson45@malone-cabrera.com,130
529,Oliver,Dawon,1985-11-03,Liverpool,odawson45@malone-cabrera.com,130
530,Lous,sAdams,1997-09-08,London,louis.a@martinez.net,131
531,Louis,Adams,1987-09-11,,louis.a@martinez.net,131
532,ssouiL,Adams,1997-09-08,London,louis.a@mtrtinez.neea,131
533,Freddie,Gregory,1974-02-28,London,freddiegregory71@jensen.info,132
534,Gregory,Freddie,1974-02-28,London,freddiegregory71@jensen.info,132
535,Gregory,Freddie,1975-03-31,London,,132
536,Freddie,Grerrogy,1974-02-28,,freddiegregory71@jensen.info,132
537,Freddie,Gregory,1984-02-25,,freddiegregory71@jensen.info,132
538,Harry,Andresw,2019-03-16,York,harryandrews@woods.biz,133
539,,Andrews,2019-03-16,Yok,harryandrews@woodws.biz,133
540,Harry,Adsrews,2019-03-16,Yorrk,,133
541,Harry,,2019-03-16,York,,133
542,Harry,wnddreAs,2019-04-15,,harryandrews@woods.bz,133
543,rarHry,Andrews,2019-04-15,York,,133
544,Oliver,Jones,1981-09-02,London,oliverjones82@bond.biz,134
545,Olirev,Jones,1991-08-29,London,oliverjones82@bond.biz,134
546,Oliver,Jones,1981-09-02,London,oliverjones82@bond.biz,134
547,,,1991-08-31,London,oliverjones82bond.biz,134
548,,King,1984-04-19,Aberdeen,riley.k@zavala.com,135
549,Riley,King,1985-03-20,Aberdeen,riley.k@zavala.com,135
550,Riley,,1984-04-19,Aberdeen,,135
551,Riley,King,1984-04-19,Aberdeen,riley.k@zavala.com,135
552,Riley,Kiing,1984-04-19,Aberdeen,riley.k@zavala.com,135
553,Riley,King,1984-04-19,,riley.k@zavala.com,135
554,Clark,Violet,2020-02-11,London,,136
555,,Clark,2030-01-09,London,v.clarak@campbell.com,136
556,Clark,Violet,2030-02-08,London,v.clark@campbell.com,136
557,,Clark,2020-02-11,London,v.clark@campbell.com,136
558,Violet,alCr,2020-02-11,London,v.clark@campbell.com,136
559,Violet,Clark,2020-02-11,,,136
560,oiVlet,Clakr,2020-02-11,London,v.clark@campbell.com,136
561,Jones,Noah,1988-02-14,Telford,noah.ones66@smithjncom,137
562,,,1986-02-13,,oc34r@phelp.-harpersbiz,138
563,,Clarke,1986-02-13,,oc34@phelps-harper.biz,138
564,Oliva,Clarke,1986-02-13,Loonnod,oc34@phelps-harper.iz,138
565,Clarke,Olivia,1986-02-13,Lodon,oc34@phelp-harper.biz,138
566,Olivia,ClaCrke,1986-02-13,London,oc34@pheps-ha.perrbiz,138
567,Olivia,Clarke,1996-01-12,,oc34@phelps-harper.biz,138
568,Dixon,Robyn,2017-08-21,London,,139
569,RoRyn,Dixon,2017-08-21,London,roboyndixon@williams.cm,139
570,Robyn,,2017-08-21,London,robyndixon@williams.com,139
571,,Turner,1997-04-24,Glasgow,,140
572,Mihael,Sutherland,1989-06-21,,michael.sutherland@hobbs.com,141
573,Michael,Sutherland,1990-07-21,London,michael.sutherland@hobbs.com,141
574,,Sutherland,1989-06-21,Londno,michael.sutherland@hobbs.com,141
575,Jessica,Owen,1974-11-17,,,142
576,Jessica,,1974-11-17,,jesscac.owen@elliott.org,142
577,Jessica,,1974-11-17,,jessica.owen@elliott.org,142
578,Jesisia,Owen,1974-11-17,Walsall,jessica.owen@elliott.og,142
579,Jessica,Owen,1974-11-17,Walsall,jessica.owen@elliott.org,142
580,Jessica,Owe,1974-12-17,Walsall,,142
581,,Gordon,1983-07-15,,,143
582,ilivOa,Edwards,1988-12-27,Dudley,oe56@lopez.net,144
583,Olivia,Edwards,1988-11-27,Dudley,,144
584,Olivia,Edwards,1988-12-27,Duudley,oe56@lopez.net,144
585,Olivia,Edwards,1988-11-27,Dudley,,144
586,,Edwardds,1988-12-27,,oe56@lopez.net,144
587,Olivia,Edwards,1998-12-25,Dudley,,144
588,Jacob,Riley,2012-10-01,Liverpool,j.riley9tbennett.ne@,145
589,,Riley,2012-09-30,Livopeol,j.riley9@bennett.net,145
590,bJacob,Riley,2022-09-30,Liorpovl,j.riley9@tennett.neb,145
591,Jacob,Riley,2012-09-30,Liverpool,j.riley9@bennett.net,145
592,Jacob,Riley,2012-09-30,Liverpool,j.riley9@bennett.net,145
593,Kirk,Grace,2011-04-15,Edinburgh,,146
594,Grace,Kik,2020-05-12,Edinburgh,gk@frey-robinson.org,146
595,Grace,Kiirk,2011-03-17,Edhibnurgh,rgk@frey-robinon.org,146
596,Grace,Kirk,2010-04-15,Edinburgh,,146
597,Amelia,Baxter,1973-10-03,Kigngston-upon-Hull,amlia.boxter@nelsan-miller.com,147
598,Ameliia,Baxter,1982-09-02,Kingston-upon-Hull,amelia.baxter@nelson-miller.com,147
599,Toby,Haall,2003-04-23,London,,148
600,Toby,,2003-04-23,London,toby.d@menhez.com,148
601,Toby,Hall,2003-04-23,London,toby.h@mendez.com,148
602,Toby,,2013-03-21,London,,148
603,Henry,,2000-06-05,Dudley,henry.c35@love-banks.com,149
604,Alfie,King,1996-08-02,Leicester,,150
605,Aielma,Rogres,1984-08-01,London,ameliar@black.com,151
606,Amelia,Porter,2013-08-07,Portsmouth,ameiiap@nlcholson.orrg,152
607,Amelia,Porter,2014-08-06,Portsmouth,,152
608,Amelia,Porrret,2013-08-07,Portsmouth,ameliap@nicholson.org,152
609,Amelia,Porter,2013-08-07,Portsmouth,,152
610,Lydia,Stephnnsoe,1993-01-14,Birmingham,lydias51@garcia-mendez.com,153
611,Lydiia,SStephenson,1991-12-16,Birmingham,lydias51@garcia-mendez.com,153
612,Elizabeth,Hunt,1983-04-18,London,ehunt10@ramos.com,154
613,Elzabeth,Hunt,1983-04-18,,ehunt10@ramos.com,154
614,Elizabeth,,1983-04-18,Londo,ehunt10@ramos.com,154
615,,Hopkins,1981-06-16,Londo,,155
616,Muhammad,mJams,1989-10-28,Leeds,muhammadj@cortez-trujillo.com,156
617,,Davies,2000-01-09,,,157
618,,Davies,2010-01-05,,od@holloway.info,157
619,,Davies,2000-01-09,Birmingham,od@holloway.info,157
620,Olivia,Davies,2001-02-08,Birmingham,,157
621,lOlivia,Daves,2000-01-09,,od@holloway.info,157
622,Olvilia,Davies,2000-01-09,Birmingham,od@holl.wayoinfo,157
623,Olivia,Davies,2010-01-06,Birmingham,od@hollowayl.ino,157
624,Georege,Davidson,1999-06-06,Southampton,gdavidson@jonnson-browh.com,158
625,George,Davidson,1999-05-07,Southampton,gdavidson@johnson-brown.com,158
626,geeorGe,Davidson,1999-05-07,Southamptn,,158
627,,,1999-06-06,Sothampton,gdavidron@johnson-bsown.com,158
628,Geeorge,,2009-06-05,Suthammpton,gdavidson@johnson-brown.com,158
629,George,Davidson,2000-05-06,,gdavidson@johnson-brown.com,158
630,Georee,Davidvson,2000-06-07,Southampto,gdavidson@johnson-brown.com,158
631,Mason,Hughes,1990-01-29,,,159
632,Mason,hugHes,2000-01-26,Bolton,mh@wade.com,159
633,Mason,Hughes,1990-01-29,Boton,mh@wade.co@m,159
634,Mason,,1999-12-26,Bolton,mh@waoe.cadm,159
635,Jacob,Adass,1991-09-07,Lonndno,jacob.a83@clark.com,160
636,Jacob,Adasm,2000-09-03,Londn,jacob.a83@clark.com,160
637,Jacob,Adams,2000-09-03,Lonnod,jacob.a83@clark.com,160
638,Jacob,Adams,1990-10-06,London,jacob.a83@clark.com,160
639,Jacob,Adams,1990-11-07,,jacob.a83@clark.com,160
640,Webb,Logan,2006-04-29,Salford,l.webb66@smith.com,161
641,,,2005-05-29,Salford,l.webb66@smith.com,161
642,Lonan,,2006-06-28,Saford,,161
643,Ryan,Ethan,1995-04-14,London,ethan.r31@jone.com,162
644,Oliver,White,1992-02-06,Plymuohh,cow@haynes-saunder.com,163
645,Oliver,,1992-02-06,Plymouth,ow@haynes-saunders.com,163
646,Alexander,ShaSw,2016-11-24,,a.shaw@church-rodriguez.com,164
647,Alexander,Shaw,2017-10-27,Mansfield,,164
648,Maddison,,1974-04-10,Southend-on-Sea,maddison.jarvis@patterson-miller.biz,165
649,Maddion,,1974-04-10,Southend-on-Sea,maddison.jarvis@patterson-miller.biz,165
650,Maddison,Jarvis,1974-04-10,Southend-on-Sea,,165
651,Maddison,Jarvis,1974-04-10,Sou-hend-ontSea,maddison.jarvis@patterson-miller.biz,165
652,,Roberts,1990-10-26,Birmingham,,166
653,Dylan,,1990-09-28,Birmingham,droberts73@taylor-lang.com,166
654,,,1990-10-26,Birmingham,droberts73@taylor-lang.com,166
655,Dylan,Robert,1990-10-26,Birmingham,,166
656,Dylan,Rberts,1990-10-26,Birmingham,droberts73@taylor-lang.com,166
657,Benjamin,,1971-06-13,nLonon,benjamin.newman@johnson.com,167
658,Benjamin,Nemena,1971-06-13,London,benjamin.newman@johnson.com,167
659,Charlie,Hall,2018-06-26,Birmingham,charlieh@sandoval-sanders.info,168
660,Charlie,Hall,2018-06-26,Biriminghm,,168
661,Cahlrae,Hall,2019-07-26,Birminghram,charlieh@sandoval-sanders.info,168
662,Imgeen,,2001-08-19,London,iwilkinson@bush.com,169
663,Imgen,Wilkinson,2001-09-18,,iwilkinsmn@bush.co,169
664,IImogen,Wilkinson,2011-09-16,London,iwilkinson@bush.com,169
665,Imogen,Wilkinson,2001-09-18,Lodon,iwilkinson@bush.com,169
666,Imogen,Wilikinson,2001-09-18,Lodon,iwilkinson@bush.com,169
667,,,2001-08-19,London,iwilkinson@bush.com,169
668,Wilkinson,Imogen,2001-09-18,London,iwilkinson@bush.com,169
669,Ollie,Roe,2006-12-05,Manchester,or@cox-blackwell.org,170
670,Ollie,Rowe,2006-12-05,Manchester,or@cox-blackwell.org,170
671,Ollie,Rewo,2006-12-05,Manchester,or@cox-blackwell.org,170
672,Olie,,2007-01-03,,or@cox-blackwell.org,170
673,OOllie,,2006-12-03,Manchester,,170
674,Henr,Kennedy,1988-11-16,Warrington,hk@stanley.com,171
675,Anna,Willismaon,1984-04-20,Shefeeifld,,172
676,Anna,Williamson,1984-04-20,,anna.w16@brandt-wyatt.org,172
677,Anna,Williamson,1984-05-18,Sheffield,anna.w16@bd.andt-wyattrorg,172
678,,Morgan,1984-04-12,Glaswgow,,173
679,Elizabeth,Shaw,2006-04-21,Cardiff,e.shaw@smith-hall.biz,174
680,Elazibeth,,2006-04-21,,e.shaw@smith-hall.biz,174
681,Elizabeth,Sahw,2006-04-21,,e.shaw@smith-hall.biz,174
682,Elizabeth,,2016-04-18,Cardifrf,e.shaw@smith-hall.lbiz,174
683,Rosie,nJohnston,1978-10-23,Sheffield,rosiej32@robinson-moran.net,175
684,Rosie,Johnstn,1979-12-23,,,175
685,Rosie,Johnoston,1978-11-23,Sheffield,rosiej32@robinson-moran.net,175
686,Rosie,Johnston,1978-11-23,Sheffield,,175
687,Rosie,Johnston,1978-11-23,Sheffield,rosiej32@robinson-moran.net,175
688,Johnston,Rosie,1988-11-20,Sheffiel,rosiej32@robinson-moran.net,175
689,King,Olivia,2004-04-17,Newcastle-upon-Tyne,,176
690,Olivia,King,2004-04-17,,,176
691,Olivia,,2005-04-16,Newcastle-upon-Tyne,olivia.k1@howell.com,176
692,Olivia,,2004-04-17,,wolivia.k1@howell.com,176
693,Olivia,King,2004-04-17,Newcastle-upon-Tyne,olivia.k1@howell.com,176
694,Mohammed,rooper,2023-08-29,Birmingham,mohammedc@robcrts.eom,177
695,Noah,Huter,1983-08-29,Manchester,noahh78@diaz-clark.com,178
696,Hunter,Noah,1973-09-29,Manchester,noahh78@diaz-clark.com,178
697,,Hunte,1973-09-29,,noahha78@diaz-clarkoc.m,178
698,Noah,Hunter,1973-09-29,,noahh78@diaz-clark.com,178
699,,Hunter,1973-09-29,Manchester,,178
700,NNoah,Hunter,1973-09-29,,noahh78@diaz-clark.com,178
701,Hunter,Noah,1973-09-29,Manchester,noahh78@diaz-clark.com,178
702,Arabella,RRes,2000-04-19,,a.r@cervantes.net,179
703,Arabella,Rees,2000-04-19,Dduley,a.r@cervanset.net,179
704,Arabella,,2000-04-19,Dudley,a.r@cervantes.net,179
705,Curtis,Maya,2014-08-28,Newcastle-upon-Tyne,mcurts53@simpson.com,180
706,,Curtis,2014-08-28,Newcastle-pon-Tyne,mcurtis53@simpson.com,180
707,Maya,,2015-07-29,Newcastle-upon-Tyne,mcurtis53@spmnison.com,180
708,Maya,Curtsi,2014-07-27,,mcurtis53@simpsoun.com,180
709,Maya,Curtis,2014-08-28,Newcastle-upon-Tyne,micurtis53@simpson.com,180
710,Maya,Curtis,2014-08-28,Newcastle-upon-Tyne,mcurtis53@simpson.com,180
711,Mayya,Curtis,2014-09-27,,mcurtis53@simpson.com,180
712,,Hall,1993-06-21,York,ah@webster.com,181
713,,,2003-06-19,Yrk,,181
714,,Hlla,1993-06-21,York,ah@webster.com,181
715,,Joes,2021-01-21,Ipswich,,182
716,Mia,Josen,2022-02-22,Ipswich,,182
717,Mia,Jones,2031-02-20,Ipsich,mia.j63@martinez.biz,182
718,Jones,Mia,2021-01-21,Ipswich,,182
719,,Jones,2022-02-20,Ipswich,mia.j63@martinez.biz,182
720,Mi,Jones,2021-01-21,Ipswich,mia.j63@martinez.biz,182
721,Mia,JJones,2021-01-21,,mia.j63@martinez.biz,182
722,Jones,Isaac,2008-02-23,Belfast,isaac.jones54@bradford.net,183
723,Isaac,Jones,2008-02-23,,isaac.jones54@bradford.net,183
724,,Jones,2008-02-23,Belfast,isaac.jones54@bradford.net,183
725,,,2008-02-23,Belfat,,183
726,Isaac,,2008-02-23,Belfast,isaac.jones54@bradford.net,183
727,Isaac,Jones,2008-02-23,Baltasf,isaac.jones54@bradford.enet,183
728,,Jnes,2018-01-21,,,183
729,Edward,imith,1972-11-13,Huddersfield,e.smith@dillon.com,184
730,Evelyn,,1976-11-17,Portsmouth,evelgnm@aye.covm,185
731,Evelyn,May,1976-11-17,Portstmouth,evelynm@page.com,185
732,May,Evelyn,1976-10-20,Portsmouth,evelynm@page.com,185
733,Evelyn,May,1976-11-17,,evelynm@page.com,185
734,,May,1976-11-17,Portsmouh,evlynnm@pagm.coe,185
735,Georgi,,2017-05-13,London,,186
736,Georgia,Clarke,2016-06-14,Loondon,,186
737,,Ahmed,2005-09-16,London,oa14@lee.com,187
738,,,2005-09-16,London,oa14@lee.com,187
739,Oscar,Ahmed,2005-08-17,,oa14@lee.com,187
740,Ahmed,Oscar,2005-09-18,,oa14@lee.coom,187
741,Osrac,Ahmd,2005-08-19,London,,187
742,Ahmed,Oscar,2006-09-14,Loodnn,oa14@lee.com,187
743,Williams,Oscar,2012-06-27,London,owilliams@smith.net,188
744,Freddie,Carr,1992-08-01,Btournemoth,fcarr22@cook.com,189
745,Leo,Bradley,1992-03-26,Reaidng,leo.bradley54@green.net,190
746,oeL,Bradley,1993-03-27,,leo.bradley54@green.net,190
747,Ella,Young,1991-05-13,Birmingham,ellayoung47@cook.com,191
748,,Young,1991-05-13,Birmingham,ellayoung47@cook.com,191
749,Ella,Young,1991-05-13,Birmingham,ellayoung47@cook.com,191
750,,Cox,1971-07-20,London,j.c@white.org,192
751,,Cx,1971-07-18,oondLn,j.c@wrte.ohg,192
752,Jaes,,1972-07-20,,j.c@white.org,192
753,James,Cox,1972-07-19,Londoon,j.c@wwhite.org,192
754,,,1971-07-20,,j.c@whige.wort,192
755,Day,Henry,2002-09-15,Leeds,hday48@thomas-arter.com,193
756,Henry,,2002-09-15,Lesde,hday48@thomas-carter.com,193
757,Hnry,Day,2002-09-15,Leeds,hday48@thomas-carter.com,193
758,Henry,Dy,2002-09-15,Leeds,hday48@homas-carter.com,193
759,Henr,Day,2002-09-15,Leeds,hday48@thtomas-acrter.com,193
760,Henry,Day,2002-09-15,Leeds,hday48@thomas-carter.com,193
761,Henry,Day,2002-08-18,Leeds,hday48@thomas-carter.mc,193
762,Arabella,Marrtin,1984-04-14,London,,194
763,Arabella,Martin,1984-04-14,London,amartin@navarro.com,194
764,Arabella,,1984-04-14,London,amartin@navarro.com,194
765,Adam,Edwards,1971-08-28,Cardiff,adam.edwards38@bullock-edward.com,195
766,Adam,Edwards,1971-08-28,Cardiff,adam.edwards38@bullock-edwards.com,195
767,,,1972-08-28,Carfiif,adam.edwards38@bullock-edwaods.crm,195
768,,Edwards,1971-09-25,Caarfidf,adam.edwards38@bullock-edwards.com,195
769,,Eddwards,1971-09-27,Cfrdifa,adam.edwards38@bullock-edwards.com,195
770,Diavid,Shaw,1999-04-14,London,,196
771,,Shaw,1999-04-14,Lnodon,,196
772,,Armstrnog,2017-04-23,Peterborough,e.armstrong16@odonnell.info,197
773,EvEa,Armstrong,2017-04-23,Peterborough,e.a.rmstrong16@odonnell.info,197
774,Armstrong,Eva,2027-04-21,Peterborouhg,e.armstrong16odonnell.info,197
775,,Armstrong,2017-05-21,Peterborough,,197
776,Eva,Armstrong,2017-04-23,Peterborough,er.armstrong16@odonnelloinf.,197
777,Eva,Armstorogn,2017-04-23,Peterborough,,197
778,Armstrong,Eva,2017-04-23,Peterbotrough,,197
779,Harvey,Robertson,1996-03-25,Lnodon,harveyrobertson32@chavez.com,198
780,Harvey,Robertson,1997-03-24,,harveyrobertson32@chavez.com,198
781,Harvey,,1996-03-25,,harveyrobertson32@chavez.com,198
782,Harvey,Robertson,1996-03-25,London,harveyrobertson32@chavez.com,198
783,HeHray,Robertson,1997-03-24,,harveyrobertsoe32@chavnz.com,198
784,,Evans,1998-09-06,London,m.e@ford.com,199
785,Mila,Evans,1997-08-07,London,m.e@ford.com,199
786,Jackson,,2013-12-25,London,j.fisher4@sullivan.com,200
787,Jackson,Fisher,2004-11-26,London,j.fisher4@sullivan.com,200
788,Fisher,Jackson,2004-11-27,LLoodnn,,200
789,,,2003-12-28,London,j.fisher4@sullivan.com,200
790,Jackson,Fisreh,2004-12-26,Lodon,j.fisher4@sullivan.com,200
791,Jackson,Fishier,2003-12-28,Londonn,,200
792,,Tayrlor,1989-02-09,,jt40@combs.net,201
793,,Taylor,1989-03-11,London,jt40@combs.net,201
794,Josshua,Tayolr,1989-02-09,,jt40@comsb.net,201
795,,Taylor,1989-02-09,LLodon,jt40@combs.net,201
796,Taylor,Joshua,1989-02-09,London,jt40o@combs.net,201
797,,Taylr,1999-02-07,Lonon,jt40@cotbs.nm,201
798,Arlo,West,2007-02-17,Southend-on-Sea,aw@thompson.com,202
799,Arlo,,2007-02-17,Southend-on-Sea,awt.thompson@com,202
800,Arlo,West,2008-03-16,Southend-on-Sea,,202
801,AArlo,sWt,2007-02-17,Southend-on-Sea,aw@thompson.com,202
802,Arlo,West,2007-03-19,,aw@thompson.com,202
803,,West,2007-02-17,Southena-on-Sed,aw@thpmoson.com,202
804,Arlo,,2007-01-20,Southend-on-Sea,aw@thompson.com,202
805,Joseph,Bull,1986-02-24,,joseph.bull@bailey-perry.com,203
806,Logan,,1991-04-14,London,lc@kelly-williams.net,204
807,Elliott,Byrne,2002-01-31,Stoke-oneTr-nt,e.b30@little.biz,205
808,Elliott,Byrne,2002-01-31,Stokeno--Trent,e.b30@little.biz,205
809,Byrne,Elliott,2012-03-01,Stoke-on-Trent,e.b30@little.biz,205
810,,Byrne,2002-03-02,Stoke-on-Trent,,205
811,Elliott,,2002-03-04,Stoke-on-Trent,e.b30@little.biz,205
812,Eliott,,2002-01-31,Stoke-on-Trent,e.b30@little.biz,205
813,Elliott,,2002-01-31,Stoke-on-Trent,e.b30zlittle.bi@,205
814,Logan,Morgan,1978-02-01,Cventry,loganmo.gan43@mcbride-kingrcom,206
815,Logan,Morgan,1977-01-29,Coventry,,206
816,Logan,Morgan,1987-01-28,Coventry,loganmorgan43@mcbride-king.com,206
817,Morgan,Logan,1986-12-29,Coventry,,206
818,,Morgan,1977-01-01,Coventry,,206
819,Logan,Morgan,1976-12-30,Coventry,loganmorgan43@icbride-kmng.com,206
820,Logan,Morgan,1976-12-31,Cooventyr,loganmorgan43@mcbride-king.com,206
821,hNoaN,Rogers,2011-04-07,nwindoS,noahr@hudson-brown.net,207
822,Noah,RogeRrs,2011-04-07,Swindon,,207
823,Noah,,2011-04-07,Swindon,noahr@hudsn-brohwn.net,207
824,Noah,Rogers,2011-04-07,Swindon,noahr@hudson-broow.net,207
825,Noah,Rogers,2011-04-07,,noahr@hudson-brown.net,207
826,Maisie,,1998-09-30,Plymouth,maisie.e96@bakre.com,208
827,Maisie,Elliott,1998-09-30,Phlymouth,maisie.e96@baker.com,208
828,,Elliott,2008-08-27,Plymouth,maisie.e96@baker.com,208
829,Mason,,1983-03-16,Kingston-upon-Hull,masons2@reed.com,209
830,Mason,Smith,1983-03-16,Kingson-upon-Hull,masons5@2@reed.com,209
831,Smith,Mason,1983-03-16,,,209
832,Mason,,1983-03-16,Kingston-ulon-Hup,masons52@reed.com,209
833,Mason,Smith,1983-03-16,Kingston-uponH-ull,masons52@reed.com,209
834,Mason,Smith,1993-03-13,Kingston-upon-Hull,,209
835,Charlotte,Harper,2019-02-14,Plymouth,,210
836,Chartotle,Harper,2028-01-10,Plymouth,charper@miller.biz,210
837,Charlotte,,2019-01-13,Plyumouh,charper@miller.biz,210
838,Charlotte,Harper,2019-03-14,,charpe@r@milleb.riz,210
839,,Harppe,2018-02-12,,,210
840,Harper,Charlotte,2018-02-12,Plymouth,charper@miller.biz,210
841,Charlotte,Harper,2018-02-12,Plymouth,charper@miller.biz,210
842,Olievr,Waton,2013-08-06,Glasgow,,211
843,Oliver,Watson,2013-08-04,slaGgogw,oliverwatson97@morgan.com,211
844,Oliver,Watson,2013-09-04,,oliverwatson97@morgan.com,211
845,Oliver,Watson,2013-08-04,GlasgGow,oliverwatson97@morgan.com,211
846,Isabella,Fletcher,2014-04-13,,isabellafletcher@tanner.com,212
847,Isabella,Fltceer,2014-04-13,,,212
848,Michael,Wells,2000-04-03,London,,213
849,Maciel,Wells,2001-03-03,,m.w@ccannon.com,213
850,Michael,,2000-04-03,Ldnoon,,213
851,Mhichael,,2000-04-03,London,m.w@cannon.com,213
852,,Wells,2000-04-03,Lonndon,m.w@cannonn.com,213
853,Michael,,2000-04-03,London,m@w.cannon.com,213
854,Michael,Wels,2000-04-03,London,m.w@cannon.com,213
855,Theodore,Marshall,1982-07-23,Birmingham,,214
856,,Marshall,1972-07-25,,theodore.m@taylor.com,214
857,Thedore,,1972-07-25,Birmingma,teheodore.mrtaylo@.com,214
858,Theodore,Marlshall,1972-07-25,Birmingham,theodore.m@taylor.com,214
859,Theodore,Marshall,1972-07-25,Birmingham,theodore.m@taylorcom,214
860,Theodore,Marshall,1972-07-25,Birmingham,,214
861,Lily,Robinson,2009-07-06,Salford,lily.robinson73@peterson.biz,215
862,Lily,Robibnson,2009-07-06,aSlford,lily.robinson73@peterson.biz,215
863,,Robonson,2009-07-06,Salford,lily.robinson73@peterson.biz,215
864,Lily,Robinson,2009-07-06,Salford,lily.robinson73@peterson.biz,215
865,Lily,RobRison,2009-07-06,Sarofd,,215
866,Robinson,Lily,2009-07-06,,lily.robinson73@peterson.biz,215
867,Reuben,Wslion,2015-09-03,London,reubenw@williams-thomas.net,216
868,Reuben,,2005-10-05,,reubenw@williams-thomas.net,216
869,Reuebn,Wilson,2005-10-05,,,216
870,Oscar,Wantol,1996-02-05,WWalverhompton,oscarwalton19@king.com,217
871,,Walton,1996-02-05,Wolverhamtpon,,217
872,Freddie,Bradley,2020-05-20,Liverpool,fb@nelson.com,218
873,Freedid,Braldaey,2019-05-23,Liverpool,fb@nelson.com,218
874,Bradley,Freddie,2020-06-23,Liverpool,fb@nelson.com,218
875,Bradley,Freddie,2019-05-23,Lioerpovl,,218
876,,Bradley,2019-05-23,,fb@nelson.com,218
877,,Bradley,2019-05-23,Liverpool,fb@nelson.com,218
878,Freddie,,2019-05-23,Liverpool,fb@nelson.com,218
879,Leo,Webster,2014-04-08,Sheffield,leo.webster54@moore.biez,219
880,Leo,Webster,2013-05-08,Sheffield,,219
881,,,1970-07-10,,jbrooks@hall-lwery.net,220
882,Jacob,,1970-07-10,Leed,jbrooks@hall-lowery.net,220
883,Jacob,Brooks,1980-07-07,,jbrooks@hall-lowe-ry.net,220
884,Fox,Noah,2005-07-09,Southampton,noah.f88@gibson.cm,221
885,,Fox,2005-07-09,Southampton,noah.f88@gibson.com,221
886,Nooah,Fox,2006-08-06,,,221
887,Ivy,LLee,1996-05-31,Liverpool,ivy.lee@carson-williams.info,222
888,Ivy,Lee,1996-05-31,,ivy.llee@carson-williams.info,222
889,yI,Le,1996-05-02,Liverpool,ivy.lee@carson-williams.info,222
890,Ivy,Lee,1996-05-31,Liverpool,ivy.lee@carson-williams.info,222
891,Ivy,,1996-05-31,Liverpool,,222
892,Iy,Leee,1996-06-30,Liverpool,,222
893,Iyvv,Lee,1996-05-31,Liverpool,ivy.lee@carson-williams.info,222
894,Jaxon,Rice,1980-02-02,dLondon,,223
895,Jaxon,Rice,1980-02-02,Lonnod,jaxon.r@cantu.org,223
896,Rice,Jaxon,1980-02-02,,jaxon.r@cantu.org,223
897,Jaxon,Rice,1980-02-02,London,jaxon.r@cantu.org,223
898,Cross,Aria,1999-01-14,Newcastle-upon-Tyne,a.cross58@browning-nguyen.com,224
899,Aria,Cros,2009-02-10,Newcastle-upon-Tyne,a.cross58@browning-nguyeyn.com,224
900,Aira,Cross,1999-01-14,Newastle-upon-Tyne,a.cross58@browning-nguyen.com,224
901,Aira,,1998-12-15,Newcastle-upon-Tyne,a.cross58@brwning-nguyen.com,224
902,,,1999-01-14,,a.cross58@browning-nguyen.com,224
903,Aira,Cross,1998-12-15,Newcastle-upon-Tyne,,224
904,Aria,Cross,2000-01-14,Newcastle-upon-Tyne,a.cross58@browning-nguyen.com,224
905,Thomas,Mnrtia,2013-07-08,Newcastle-upon-Tyne,tmartin5@martin-kerr.org,225
906,Green,Toby,2007-10-11,,t.g79@walker.com,226
907,,,2008-09-10,TelforTd,,226
908,Isabelle,Carter,1997-11-26,Bradford,isabellec@hill-williams.com,227
909,,Carter,1998-12-26,Bradford,,227
910,Isabelle,Carter,1997-10-27,Broadford,,227
911,Teddy,Mawxell,2011-11-15,Birmingham,,228
912,Teddy,Maxlewl,2001-11-15,Birmingham,,228
913,Darcy,,1979-01-16,nBirminham,drhodes16@johnson-robinson.com,229
914,Darcy,Rhodes,1979-01-14,Birmngham,,229
915,Darcy,Rhodes,1979-01-13,Birminghma,drhodes16@johnson-robinson.com,229
916,Darcy,Rhodes,1979-01-14,Birminigham,drodes16@johnson-robinson.com,229
917,Darcy,Rhodes,1979-01-14,Birmingham,drhodes16@johnson-robinson.com,229
918,,,2002-07-22,London,eviejones@brewer-sparks.org,230
919,Evie,Jones,2002-07-22,London,eviejones@brewer-sparks.org,230
920,Evi,Jones,2012-06-19,,eviejones@brewer-sparks.org,230
921,Eie,,2012-07-17,oonodLn,evejones@brewer-sparksi.org,230
922,Evie,Jones,2002-07-22,,eviejones@brewer-sparks.org,230
923,,,2010-12-25,Bournemouth,muhammadp5@williams.com,231
924,Muhammad,Patterson,2000-12-27,Bournehhoutm,,231
925,Muhammad,Patterson,2001-01-26,Bournemouth,,231
926,Watson,Amelia,2006-11-27,Kingston-upon-Hull,amelia.w@tyler-anderson.com,232
927,Amela,Watson,2006-11-26,,,232
928,Luke,,1972-10-20,Coventry,lrobinson@wolf.org,233
929,Luke,Robinson,1971-11-18,Coventry,lrobinson@wolf.org,233
930,Luke,Robinnso,1981-10-18,Coventry,lrobinson@wolf.org,233
931,Lukue,Robinson,1971-11-18,Covetry,lrobinsl.n@woof.org,233
932,Luke,Robinssno,1971-11-18,Coventry,lrobinson@wolf.org,233
933,Luke,,1971-11-18,Coventry,lrobinson@wolf.org,233
934,,Rnbinsoo,1971-11-18,,lrobinson@wolfo.org,233
935,Henry,Roberts,1981-08-25,kYorY,henryr@moore.com,234
936,Henry,Roberts,1981-08-25,York,henryr@moore.com,234
937,Isabelle,Hall,1984-11-20,Swansae,isabelleh97m@lewis-gregory.com,235
938,Isabelle,Hall,1984-10-21,Swansea,isabelleh97@lewis-gregory.com,235
939,Isabelle,Hall,1994-11-18,Swansea,isabelleh97@lewis-gregory.com,235
940,Isabelle,Hall,1984-11-20,Swansea,isabelleh97@lewis-gregory.com,235
941,Isabelle,Hall,1984-11-20,Swansea,,235
942,,,1985-11-19,Swansea,isabelleh97@lewis-gregory.com,235
943,Isabelle,Hall,1984-11-20,Snawea,isa.gelleh97@lewis-gregorybcom,235
944,Francesca,White,2015-12-07,Hudersfield,,236
945,Francesca,,2015-12-07,Hueddersfield,francesca.white@jones-knight.info,236
946,Pearson,Sarah,2011-01-07,,sarahp77@humphrey.com,237
947,Sarah,Pearson,2011-01-07,London,sarahp77@humphrey.com,237
948,,Pearson,2011-01-07,London,sarahp77@humphrey.com,237
949,Sarah,Pearson,2011-01-07,London,sarahp77@humphrey.com,237
950,George,Davies,2005-07-23,,gdavies72@conner-rose.com,238
951,Davies,George,2005-07-21,Middlesbrough,,238
952,George,Davies,2004-06-23,Middlesbrough,gdavies72@conner-rose.com,238
953,GergGe,Davies,2004-06-23,Middlesbrough,gdavies72@conner-rose.com,238
954,Oliver,Roberton,2013-01-06,,orobertson91@olson-palmer.com,239
955,Oliver,,2023-02-03,Edinburgh,orobestson91@olron-palmer.com,239
956,Oliver,Robertson,2013-01-06,Edinburgh,orobertson91@olson-palmer.com,239
957,Gerge,Wilson,1985-03-27,Lonnod,gwiolson84@burton.net,240
958,Heidi,Mills,1980-12-06,Lonnod,h.m82@hill.om,241
959,Heidi,Millls,1981-01-06,London,h.m82@hill.com,241
960,,Mills,1981-01-03,London,h.m82@hill.com,241
961,Maryam,Jsneeo,1992-07-05,Coventry,maryam.j47@myers.com,242
962,,,1992-06-04,Coventry,maryam.j47@myers.com,242
963,Maryam,Jones,1992-06-04,Coventry,,242
964,,Joenes,1992-06-04,Coventry,maryam.j47@myer7s.com,242
965,,,1992-06-04,Covrnty,maryam.j47@myers.com,242
966,Maryam,Jones,1992-07-06,Coventry,maryam.j47@myers.com,242
967,Joseph,Davsi,2019-10-14,London,joseph.d@bell.com,243
968,Johpe,,2029-09-11,,josep.d@.bell.com,243
969,Joseph,,2029-10-09,Lonon,joseph.d@bell.com,243
970,Harrison,Fraser,2007-11-19,Birmingham,hf@roberts.com,244
971,Lon,,1970-04-11,Salford,l.armstrong@reyes-campbell.net,245
972,Leon,Arnmstrong,1970-04-11,Salford,l.armstrong@reyes-campbell.net,245
973,,Armstrong,1980-04-08,Salford,l.armstrong@reyes-campbell.net,245
974,Leon,Armstrong,1970-04-11,Salford,,245
975,Leon,Armstronog,1980-04-08,Salford,l.armstrong@reyes-campbell.net,245
976,LLno,,1970-04-11,Salford,,245
977,Leon,Armstrong,1970-04-13,Salford,l.armstrong@reyes-campbell.net,245
978,Jessica,Miller,2001-05-23,,jessica.miller@johnson.com,246
979,Jessica,Miller,2002-05-21,Coventry,jessica.miller@johnson.com,246
980,Jessica,,2001-05-23,Coventyry,jessica.miller@johnson.com,246
981,Jessica,Miiller,2001-05-23,Coventry,jessica.miller@johnson.com,246
982,Jessica,Miller,2001-05-23,,jessica.miller@johnson.com,246
983,Jessica,Milller,2001-04-21,,,246
984,aessicJ,Miller,2011-05-20,Coventry,jessica.miller@johnson.com,246
985,Nancy,lWisliaml,1972-01-18,Birmingham,nw5n@buckleyil4fo,247
986,,Williams,1981-12-17,Birmingham,,247
987,Nancy,Williams,1972-01-18,Birmingham,nw5n@buckley.i4fo,247
988,Nacy,Williams,1981-12-15,,nw54@buckley.info,247
989,aNncy,Wiliams,1972-02-17,,,247
990,Nancy,Williasm,1972-01-18,,,247
991,Williams,Nancy,1982-01-14,,,247
992,Michael,Ducan,2018-06-18,Nottingham,michaelduncan43@gutierrez.com,248
993,Emma,Lloyd,2028-03-13,London,emmallod@jimenez.com,249
994,Emma,Lloyd,2018-04-17,London,emmalloyd@jimenez.com,249
995,Emma,Lloyd,2018-04-17,nLonon,emmalloyd@jimenez.com,249
996,Emma,Lloyd,2018-04-17,London,emmalloyd@jimenez.com,249
997,Oliver,Bird,2000-01-27,Reading,o.b@smith.net,250
998,Oliver,Bird,2000-02-27,,oliver.b@smith.net,250
999,Oliver,Bird,2000-01-27,Reading,o.b@smith.net,250
